[
  {
    "description": " User creation in HDFC",
    "keyword": "Feature",
    "name": "Demo on User creation",
    "line": 1,
    "id": "demo-on-user-creation",
    "tags": [],
    "uri": "createuser.feature",
    "elements": [
      {
        "id": "demo-on-user-creation;logging-into-hdfc-site",
        "keyword": "Scenario",
        "line": 6,
        "name": "Logging into HDFC Site",
        "tags": [
          {
            "name": "@Test1",
            "line": 5
          }
        ],
        "type": "scenario",
        "steps": [
          {
            "arguments": [],
            "keyword": "Given ",
            "line": 7,
            "name": "I open Demo HDFC Login page",
            "result": {
              "status": "passed",
              "duration": 1389000000
            }
          },
          {
            "arguments": [],
            "keyword": "When ",
            "line": 8,
            "name": "I login as \"sme_admin@hdfcre.com\" user",
            "result": {
              "status": "passed",
              "duration": 712000000
            }
          },
          {
            "arguments": [],
            "keyword": "Then ",
            "line": 9,
            "name": "I should see User logged in",
            "result": {
              "status": "passed",
              "duration": 4815000000
            }
          }
        ]
      },
      {
        "id": "demo-on-user-creation;create-user-hdfc-site",
        "keyword": "Scenario",
        "line": 12,
        "name": "Create User HDFC Site",
        "tags": [
          {
            "name": "@Test2",
            "line": 11
          }
        ],
        "type": "scenario",
        "steps": [
          {
            "arguments": [],
            "keyword": "Given ",
            "line": 13,
            "name": "I click User menu after login",
            "result": {
              "status": "passed",
              "duration": 7706000000
            }
          },
          {
            "arguments": [],
            "keyword": "When ",
            "line": 14,
            "name": "I login as Scenario2 user",
            "result": {
              "status": "passed",
              "duration": 1212000000
            }
          },
          {
            "arguments": [],
            "keyword": "Then ",
            "line": 15,
            "name": "I should see User logged in scenario2",
            "result": {
              "status": "passed",
              "duration": 6000000
            }
          }
        ]
      }
    ]
  }
]